parameter,value
phi_1,0.6323458165438619
phi_2,0.33285252110539837
phi_3,-0.07232539155585421
theta_1,0.02517117813117025
theta_2,-0.16748285925531015
sigma_alpha,0.5428648557251027
sigma_alpha_squared,0.29470225158143654
AIC,42331.43352535227
BIC,42380.471406527
