data_type,mean_wind_speed_kmh,std_wind_speed_kmh,sample_hours
Actual 1989-2003,16.796472332787012,10.56131338474493,131400
Refit ARMA simulated raw,16.784770471646233,10.782306476733856,8760000
Refit ARMA simulated negative set zero,16.980875951740316,10.39044482156354,8760000
