step_index,z_midpoint,wind_speed_raw_kmh,wind_speed_kmh,probability
1,0.0,16.796472332787012,16.796472332787012,0.9889298345348817
2,5.0,69.60303925651166,69.60303925651166,0.011070165465118352
