step_index,z_midpoint,wind_speed_raw_kmh,wind_speed_kmh,probability
1,0.0,19.27889627761217,19.27889627761217,0.9889298345348817
2,5.0,67.52075713495887,67.52075713495887,0.011070165465118352
