site,annual_mu_from_sim_raw,annual_sigma_from_sim_raw,negative_wind_ratio,ar_1,ar_2,ar_3,ma_1,ma_2,sigma_alpha
North Battleford,13.785504776346215,9.563870917820907,0.06552888127853881,1.7646501280038722,-0.9040125977945545,0.1127138901540896,-1.1217517450980297,0.3278756837509465,0.5287090092852887
Swift Current,19.276627683688034,9.87453497152734,0.020893607305936073,0.4984034695441893,0.3779584230150911,-0.0086792843055665,0.1674856564097277,-0.1154475205626944,0.5377880103673255
Toronto Island A,16.779473607191047,10.779153229508653,0.04483139269406393,0.6323458165438619,0.3328525211053983,-0.0723253915558542,0.0251711781311702,-0.1674828592553101,0.5428648557251027
