peak_load_pu,North_Battleford_ARMA_Model,Common_Model
0.92,0.2107340205870439,0.21082059269961478
0.95,0.37428299489508066,0.37437977436577746
0.98,0.6358062870321395,0.6360215709374528
1.0,0.9272377772495953,0.9276437224026243
1.02,1.2299238991063273,1.2299095500886996
1.05,2.020717148391592,2.021115023013084
