Wind Model Used,Before Adding WECS,North Battleford,Toronto,Swift Current
Before Adding WECS,1.0525044576167593,,,
Site-specific ARMA model,,0.9272377772495953,0.8589681031906575,0.8071992214105994
Common Wind Model,,0.9276437224026243,0.8574162459255453,0.8074873891678929
